BankType,.model,.model_spec,sigma2,log_lik,AIC,AICc,BIC,ar_roots,ma_roots
LargeBank,manual1,"<LM w/ ARIMA(1,1,0) errors>",0.010661115768704467,47.75128599087936,-83.50257198175872,-81.67648502523699,-71.68082050044599,,
LargeBank,manual2,"<LM w/ ARIMA(1,1,0)(1,0,0)[4] errors>",0.009087447700294187,52.03298558051802,-90.06597116103605,-87.57708227214715,-76.2739277661712,,
LargeBank,manual3,"<LM w/ ARIMA(1,1,0) errors>",0.010785984103720328,46.89727507316767,-83.79455014633534,-82.51795440165449,-73.94309057857473,,
LargeBank,manual4,"<LM w/ ARIMA(1,1,0)(1,0,0)[4] errors>",0.009178560768821616,51.21343462992122,-90.42686925984243,-88.6007823033207,-78.6051177785297,,
LargeBank,manual5,"<LM w/ ARIMA(2,1,0) errors>",0.010948846526579193,47.04110015935206,-82.08220031870412,-80.25611336218239,-70.2604488373914,,
