BankType,.model,.model_spec,sigma2,log_lik,AIC,AICc,BIC,ar_roots,ma_roots
LargeBank,arima,"<ARIMA(0,2,2)(1,0,0)[4]>",0.011172921303956381,43.34047799177827,-78.68095598355654,-77.82989215376931,-70.87598110923084,,
LargeBank,rrsfs1,"<LM w/ ARIMA(0,2,1)(1,0,0)[4] errors>",0.010629417033016121,44.77469784135852,-81.54939568271703,-80.6983318529298,-73.74442080839133,,
LargeBank,rrsfs2,"<LM w/ ARIMA(0,2,1)(1,0,0)[4] errors>",0.010695662394164581,44.64834483157922,-81.29668966315845,-80.44562583337121,-73.49171478883274,,
LargeBank,rrsfs3,"<LM w/ ARIMA(4,2,0) errors>",0.009420653680761504,49.17406880585223,-84.34813761170446,-81.80268306624991,-70.68943158163447,,
LargeBank,rrsfs4,"<LM w/ ARIMA(0,2,1)(1,0,0)[4] errors>",0.010482114384840306,46.13805165719987,-80.27610331439973,-78.40943664773307,-68.56864100291116,,
LargeBank,rrsfs5,"<LM w/ ARIMA(0,2,2)(1,0,0)[4] errors>",0.009944442092283417,48.33327802593671,-80.66655605187341,-77.31771884257108,-65.056606303222,,
