BankType,.model,.model_spec,sigma2,log_lik,AIC,AICc,BIC,ar_roots,ma_roots
LargeBank,comb1,"<LM w/ ARIMA(0,2,1)(1,0,0)[4] errors>",0.009427616524901325,49.04638458932722,-86.09276917865444,-84.22610251198778,-74.38530686716587,,
LargeBank,comb2,"<LM w/ ARIMA(0,2,1)(1,0,0)[4] errors>",0.009516063396720459,49.31645465676185,-84.6329093135237,-82.08745476806915,-70.9742032834537,,
LargeBank,comb3,"<LM w/ ARIMA(0,2,1)(1,0,0)[4] errors>",0.009520254228085038,49.87809721347115,-83.7561944269423,-80.40735721763997,-68.14624467829088,,
LargeBank,comb4,"<LM w/ ARIMA(0,2,1)(1,0,0)[4] errors>",0.009332024960042127,49.88937653932875,-85.7787530786575,-83.23329853320296,-72.12004704858751,,
