BankType,.model,.model_spec,sigma2,log_lik,AIC,AICc,BIC,ar_roots,ma_roots
LargeCreditCardBank,unrate1,"<LM w/ ARIMA(2,0,0)(2,0,0)[4] errors>",0.04865900722769107,5.926070347769468,2.1478593044610648,4.582641913156717,16.070747630410985,,
LargeCreditCardBank,unrate2,"<LM w/ ARIMA(2,0,1)(1,0,0)[4] errors>",0.057208491818535497,2.403534713483552,9.192930573032896,11.627713181728549,23.115818898982816,,
LargeCreditCardBank,unrate3,"<LM w/ ARIMA(2,0,0)(2,0,0)[4] errors>",0.029099362578965338,17.5039732541575,-19.007946508315,-15.807946508315002,-3.096074135800805,,
LargeCreditCardBank,unrate4,"<LM w/ ARIMA(2,0,2)(2,0,0)[4] errors>",0.026463770573864478,20.798082189486266,-19.59616437897253,-13.310450093258247,2.2826601332344865,,
LargeCreditCardBank,unrate5,"<LM w/ ARIMA(1,0,2)(2,0,0)[4] errors>",0.030706345933008944,14.841164528765589,-9.682329057531177,-4.566049987763735,10.207511408111568,,
