BankType,.model,.model_spec,sigma2,log_lik,AIC,AICc,BIC,ar_roots,ma_roots
LargeBank,portfolio1,"<LM w/ ARIMA(0,2,2)(1,0,0)[4] errors>",0.011404700347960673,43.34084588074522,-76.68169176149044,-75.37734393540349,-66.92547316858331,,
LargeBank,portfolio2,"<LM w/ ARIMA(0,2,2)(1,0,0)[4] errors>",0.011346534464436208,43.48138860065934,-76.96277720131869,-75.65842937523173,-67.20655860841156,,
LargeBank,portfolio3,"<LM w/ ARIMA(0,2,2)(1,0,0)[4] errors>",0.011571728825975085,43.50849279421078,-75.01698558842156,-73.1503189217549,-63.30952327693299,,
