BankType,.model,.model_spec,sigma2,log_lik,AIC,AICc,BIC,ar_roots,ma_roots
LargeCreditCardBank,manual1,"<LM w/ ARIMA(1,0,0) errors>",0.06437146231307232,-0.49259418709529257,10.985188374190585,12.235188374190585,20.93010860701196,,
LargeCreditCardBank,manual2,"<LM w/ ARIMA(1,0,0)(1,0,0)[4] errors>",0.046051931865520146,7.972027316302402,-3.9440546326048036,-2.156820590051612,7.9898496467808435,,
LargeCreditCardBank,manual3,"<LM w/ ARIMA(1,0,0) errors>",0.05171674496117225,5.417151663366795,-0.8343033267335898,0.41569667326641024,9.110616906087783,,
LargeCreditCardBank,manual4,"<LM w/ ARIMA(1,0,0)(1,0,0)[4] errors>",0.02795883105407452,20.284431824060874,-28.56886364812175,-26.781629605568558,-16.6349593687361,,
LargeCreditCardBank,manual5,"<LM w/ ARIMA(1,0,0) errors>",0.04753390161768038,7.7056618163390596,-5.411323632678119,-4.161323632678119,4.5335966001432535,,
LargeCreditCardBank,manual6,"<LM w/ ARIMA(1,0,0)(1,0,0)[4] errors>",0.030819011356560424,18.497768128194537,-24.995536256389073,-23.208302213835882,-13.061631977003426,,
LargeCreditCardBank,manual7,"<LM w/ ARIMA(1,0,0) errors>",0.043584731439157934,10.5840063710624,-9.168012742124802,-7.380778699571611,2.7658915372608455,,
LargeCreditCardBank,manual8,"<LM w/ ARIMA(1,0,0)(1,0,0)[4] errors>",0.020506913874089285,29.125945668464183,-44.25189133692837,-41.81710872823271,-30.329003010978447,,
