BankType,.model,.model_spec,sigma2,log_lik,AIC,AICc,BIC,ar_roots,ma_roots
LargeCreditCardBank,unrate1,"<LM w/ ARIMA(1,0,1)(2,0,0)[4] errors>",0.04631272206288206,7.19472429509365,-0.3894485901872997,2.0453340185083526,13.533439735762622,,
LargeCreditCardBank,unrate2,"<LM w/ ARIMA(2,0,1)(1,0,0)[4] errors>",0.0566904375841413,2.6349584072886785,8.730083185422643,11.164865794118295,22.652971511372563,,
LargeCreditCardBank,unrate3,"<LM w/ ARIMA(3,0,0)(1,1,0)[4] errors>",0.023101346108962636,22.723630860465796,-31.447261720931593,-28.780595054264925,-18.06310068293457,,
LargeCreditCardBank,unrate4,"<LM w/ ARIMA(3,0,0)(1,1,0)[4] errors>",0.022213667660630713,23.86980698903303,-31.73961397806606,-28.22741885611484,-16.443429934640893,,
LargeCreditCardBank,unrate5,"<LM w/ ARIMA(1,0,3)(2,0,0)[4] errors>",0.026966198771578638,21.484033631972693,-18.968067263945386,-11.35831116638441,4.899741294825908,,
