BankType,.model,.model_spec,sigma2,log_lik,AIC,AICc,BIC,ar_roots,ma_roots
LargeBank,unrate1,"<LM w/ ARIMA(0,2,1)(1,0,1)[4] errors>",0.010749296607934845,44.6028335184278,-79.2056670368556,-77.90131921076865,-69.44944844394847,,
LargeBank,unrate2,"<LM w/ ARIMA(0,2,1)(1,0,1)[4] errors>",0.009583019767669617,47.32973692717175,-84.6594738543435,-83.35512602825655,-74.90325526143637,,
LargeBank,unrate3,"<LM w/ ARIMA(0,2,1)(1,0,1)[4] errors>",0.009490788602152569,48.04531898934469,-84.09063797868939,-82.22397131202273,-72.38317566720082,,
LargeBank,unrate4,"<LM w/ ARIMA(0,2,1)(1,0,0)[4] errors>",0.009700652401572658,48.0989913206772,-84.1979826413544,-82.33131597468774,-72.49052032986583,,
LargeBank,unrate5,"<LM w/ ARIMA(0,1,0)(1,0,0)[4] errors>",0.00938521258489661,50.38350927213262,-88.76701854426524,-86.9409315877435,-76.94526706295251,,
