BankType,.model,.model_spec,sigma2,log_lik,AIC,AICc,BIC,ar_roots,ma_roots
LargeCreditCardBank,arima,"<ARIMA(1,0,1)(2,0,1)[4] w/ mean>",0.05205623158818254,3.823687422099937,6.352625155800126,8.787407764495779,20.275513481750046,,
LargeCreditCardBank,rrsfs1,"<LM w/ ARIMA(1,0,1)(2,0,1)[4] errors>",0.05313951922986138,3.828298853762206,8.343402292475588,11.543402292475587,24.255274664989784,,
LargeCreditCardBank,rrsfs2,"<LM w/ ARIMA(2,0,1)(2,0,1)[4] errors>",0.04526840529138926,8.466213719756766,1.067572560486468,5.158481651395559,18.96842897956494,,
LargeCreditCardBank,rrsfs3,"<LM w/ ARIMA(2,0,1)(1,0,0)[4] errors>",0.04488578189539231,8.660336620148968,-1.3206732402979355,1.8793267597020646,14.59119913221626,,
LargeCreditCardBank,rrsfs4,"<LM w/ ARIMA(2,0,1)(2,0,0)[4] errors>",0.0376449113259555,12.252482911092471,-4.504965822184943,0.6113132475824994,15.384874643457803,,
LargeCreditCardBank,rrsfs5,"<LM w/ ARIMA(2,0,1)(2,0,0)[4] errors>",0.03769339203879732,12.531177590542626,-3.062355181085252,3.2233591046290337,18.816469331121766,,
