BankType,.model,.model_spec,sigma2,log_lik,AIC,AICc,BIC,ar_roots,ma_roots
LargeBank,unrate1,"<LM w/ ARIMA(0,2,2)(1,0,0)[4] errors>",0.011318977867337902,43.476795011487326,-76.95359002297465,-75.6492421968877,-67.19737143006752,,
LargeBank,unrate2,"<LM w/ ARIMA(0,2,1)(1,0,0)[4] errors>",0.010969219746983781,43.97047968062343,-79.94095936124685,-79.08989553145962,-72.13598448692115,,
LargeBank,unrate3,"<LM w/ ARIMA(0,2,1)(1,0,0)[4] errors>",0.011048298025369165,44.38447193535333,-78.76894387070666,-77.46459604461971,-69.01272527779953,,
LargeBank,unrate4,"<LM w/ ARIMA(0,2,1)(1,0,0)[4] errors>",0.010276493959697049,46.66988998377573,-81.33977996755146,-79.4731133008848,-69.6323176560629,,
LargeBank,unrate5,"<LM w/ ARIMA(0,2,1)(1,0,0)[4] errors>",0.010499779133705202,46.66989651404613,-79.33979302809226,-76.79433848263771,-65.68108699802227,,
