BankType,.model,.model_spec,sigma2,log_lik,AIC,AICc,BIC,ar_roots,ma_roots
LargeCreditCardBank,comb1,"<LM w/ ARIMA(2,0,0)(2,0,0)[4] errors>",0.028177483274387183,19.21349469207695,-20.4269893841539,-16.33608029324481,-2.5261329650754263,,
LargeCreditCardBank,comb2,"<LM w/ ARIMA(2,0,0)(2,0,0)[4] errors>",0.02805533839053406,19.643419033383765,-19.28683806676753,-14.170558997000088,0.6030023988752156,,
LargeCreditCardBank,comb3,"<LM w/ ARIMA(2,0,0)(1,0,0)[4] errors>",0.03691755731576838,15.101492623349557,-10.202985246699114,-5.086706176931672,9.68685521894363,,
LargeCreditCardBank,comb4,"<LM w/ ARIMA(0,1,1)(0,0,1)[4] errors>",0.031015386985714925,19.270417402860723,-24.540834805721445,-22.051945916832558,-10.748791410856592,,
LargeCreditCardBank,comb5,"<LM w/ ARIMA(2,0,0)(1,0,0)[4] errors>",0.0454246842049003,8.991776557807356,-1.9835531156147113,1.216446884385289,13.928319256899485,,
