BankType,.model,.model_spec,sigma2,log_lik,AIC,AICc,BIC,ar_roots,ma_roots
LargeBank,comb1,"<LM w/ ARIMA(0,2,1)(1,0,0)[4] errors>",0.009341215635790445,49.2873198280444,-86.5746396560888,-84.70797298942215,-74.86717734460024,,
LargeBank,comb2,"<LM w/ ARIMA(0,2,1)(1,0,0)[4] errors>",0.009530629849687723,49.308692854884995,-84.61738570976999,-82.07193116431544,-70.9586796797,,
LargeBank,comb3,"<LM w/ ARIMA(0,2,1)(1,0,0)[4] errors>",0.009492590568823027,49.94036597090488,-83.88073194180976,-80.53189473250742,-68.27078219315834,,
LargeBank,comb4,"<LM w/ ARIMA(0,2,1)(1,0,0)[4] errors>",0.009254995258114733,50.10715347157145,-86.2143069431429,-83.66885239768835,-72.55560091307291,,
LargeBank,comb5,"<LM w/ ARIMA(0,1,0)(1,0,0)[4] errors>",0.009971686315262152,48.34262728956315,-86.6852545791263,-85.40865883444545,-76.83379501136568,,
