BankType,.model,.model_spec,sigma2,log_lik,AIC,AICc,BIC,ar_roots,ma_roots
LargeBank,manual1,"<LM w/ ARIMA(1,0,0) errors>",0.013881962933279503,40.929864585523916,-71.85972917104783,-70.60972917104783,-61.91480893822646,,
LargeBank,manual2,"<LM w/ ARIMA(1,0,0)(1,0,0)[4] errors>",0.011198964129686335,46.423790921252376,-80.84758184250475,-79.06034779995156,-68.91367756311911,,
LargeBank,manual3,"<LM w/ ARIMA(1,0,0) errors>",0.014013111608169298,40.66762980386973,-71.33525960773946,-70.08525960773946,-61.390339374918085,,
LargeBank,manual4,"<LM w/ ARIMA(1,0,0)(1,0,0)[4] errors>",0.012035625915289143,44.673271661387204,-77.34654332277441,-75.55930928022121,-65.412639043388765,,
LargeBank,manual5,"<LM w/ ARIMA(1,0,0) errors>",0.011679728271802943,45.59990527731976,-81.19981055463953,-79.94981055463953,-71.25489032181815,,
LargeBank,manual6,"<LM w/ ARIMA(1,0,0)(1,0,0)[4] errors>",0.009776824813537723,50.13257749385218,-88.26515498770436,-86.47792094515117,-76.33125070831872,,
LargeBank,manual7,"<LM w/ ARIMA(1,0,0) errors>",0.010903652775378735,47.99982391245716,-83.99964782491432,-82.21241378236112,-72.06574354552868,,
LargeBank,manual8,"<LM w/ ARIMA(1,0,0)(1,0,0)[4] errors>",0.008977813265024594,52.86689626953745,-91.7337925390749,-89.29900993037924,-77.81090421312497,,
