BankType,.model,.model_spec,sigma2,log_lik,AIC,AICc,BIC,ar_roots,ma_roots
LargeCreditCardBank,comb1,"<LM w/ ARIMA(1,0,1)(1,0,0)[4] errors>",0.031051426229715216,18.66700376263198,-21.334007525263956,-18.134007525263957,-5.42213515274976,,
LargeCreditCardBank,comb2,"<LM w/ ARIMA(2,0,0)(2,0,0)[4] errors>",0.024034442290362952,22.89216044099051,-25.784320881981017,-20.668041812213573,-5.894480416338272,,
LargeCreditCardBank,comb3,"<LM w/ ARIMA(2,0,0)(1,0,0)[4] errors>",0.034609717057102,16.73298311436986,-13.465966228739717,-8.349687158972275,6.423874236903028,,
LargeCreditCardBank,comb4,"<LM w/ ARIMA(1,1,0)(2,0,0)[4] errors>",0.022470373840943813,24.46987218690544,-32.93974437381088,-29.66701710108361,-17.177409065393906,,
