BankType,.model,.model_spec,sigma2,log_lik,AIC,AICc,BIC,ar_roots,ma_roots
LargeCreditCardBank,arima,"<ARIMA(1,0,1)(2,0,1)[4] w/ mean>",0.05205623158818254,3.823687422099937,6.352625155800126,8.787407764495779,20.275513481750046,,
LargeCreditCardBank,rrsfs1,"<LM w/ ARIMA(1,0,1)(2,0,1)[4] errors>",0.053135536362581226,3.8306954790724035,8.338609041855193,11.538609041855192,24.25048141436939,,
LargeCreditCardBank,rrsfs2,"<LM w/ ARIMA(2,0,1)(2,0,1)[4] errors>",0.045296314621209775,8.443595451047685,1.1128090979046306,5.203718188813721,19.013665516983103,,
LargeCreditCardBank,rrsfs3,"<LM w/ ARIMA(2,0,1)(1,0,0)[4] errors>",0.04474071787894504,8.761742866565342,-1.5234857331306841,1.676514266869316,14.388386639383512,,
LargeCreditCardBank,rrsfs4,"<LM w/ ARIMA(2,0,1)(2,0,0)[4] errors>",0.03751317396029516,12.403467403500102,-4.806934807000204,0.3093442627672385,15.082905658642542,,
LargeCreditCardBank,rrsfs5,"<LM w/ ARIMA(2,0,1)(2,0,0)[4] errors>",0.037116150806563455,12.87190239325652,-3.7438047865130386,2.541909499201247,18.13501972569398,,
