BankType,.model,.model_spec,sigma2,log_lik,AIC,AICc,BIC,ar_roots,ma_roots
LargeCreditCardBank,debt1,"<LM w/ ARIMA(1,0,1)(1,0,0)[4] errors>",0.048823708667035996,5.816070202403296,0.3678595951934085,2.1550936377466,12.301763874579056,,
LargeCreditCardBank,debt2,"<LM w/ ARIMA(1,0,1)(2,0,1)[4] errors>",0.052844201957637664,3.976705662504827,8.046588674990346,11.246588674990345,23.958461047504542,,
LargeCreditCardBank,debt3,"<LM w/ ARIMA(2,0,0)(1,0,0)[4] errors>",0.04623050175695045,7.6608063187589295,-1.321612637517859,1.1131699711777934,12.601275688432063,,
LargeCreditCardBank,debt4,"<LM w/ ARIMA(2,0,0)(1,0,0)[4] errors>",0.046773967039178826,7.892710087194345,0.21457982561130962,3.41457982561131,16.126452198125506,,
LargeCreditCardBank,debt5,"<LM w/ ARIMA(2,0,0)(1,0,0)[4] errors>",0.0474199089739771,8.037253574841188,1.9254928503176245,6.016401941226715,19.826349269396097,,
