BankType,.model,.model_spec,sigma2,log_lik,AIC,AICc,BIC,ar_roots,ma_roots
LargeCreditCardBank,manual1,"<LM w/ ARIMA(1,0,0) errors>",0.06405796484214617,-0.3623226774768682,10.724645354953736,11.974645354953736,20.66956558777511,,
LargeCreditCardBank,manual2,"<LM w/ ARIMA(1,0,0)(1,0,0)[4] errors>",0.04589609480358261,8.050076503636674,-4.100153007273349,-2.3129189647201573,7.833751272112298,,
LargeCreditCardBank,manual3,"<LM w/ ARIMA(1,0,0) errors>",0.050606447955727045,6.0056408719478895,-2.011281743895779,-0.7612817438957791,7.9336384889255935,,
LargeCreditCardBank,manual4,"<LM w/ ARIMA(1,0,0)(1,0,0)[4] errors>",0.028217831745142235,20.198205481703766,-28.396410963407533,-26.609176920854342,-16.462506684021886,,
LargeCreditCardBank,manual5,"<LM w/ ARIMA(1,0,0) errors>",0.047942308339491285,7.474701781077854,-4.949403562155709,-3.699403562155709,4.995516670665664,,
LargeCreditCardBank,manual6,"<LM w/ ARIMA(1,0,0)(1,0,0)[4] errors>",0.032262023664452716,17.383207020358682,-22.766414040717365,-20.979179998164174,-10.832509761331718,,
LargeCreditCardBank,manual7,"<LM w/ ARIMA(1,0,0) errors>",0.04207914709059205,11.534882246481274,-11.069764492962548,-9.282530450409357,0.8641397864230989,,
LargeCreditCardBank,manual8,"<LM w/ ARIMA(1,0,0)(1,0,0)[4] errors>",0.02074949090343912,28.929591566261223,-43.859183132522446,-41.42440052382679,-29.936294806572526,,
LargeCreditCardBank,manual9,"<LM w/ ARIMA(1,0,0)(1,0,0)[4] errors>",0.04052227614980133,13.381581733118495,-8.763163466236989,-4.672254375327898,9.137692952841483,,
