BankType,.model,.model_spec,sigma2,log_lik,AIC,AICc,BIC,ar_roots,ma_roots
LargeBank,arima,"<ARIMA(0,2,1)(1,0,1)[4]>",0.010561571392758616,44.545587752070816,-81.09117550414163,-80.2401116743544,-73.28620062981592,,
LargeBank,rrsfs1,"<LM w/ ARIMA(0,2,1)(1,0,1)[4] errors>",0.009493892124532706,47.784482969714205,-85.56896593942841,-84.26461811334146,-75.81274734652128,,
LargeBank,rrsfs2,"<LM w/ ARIMA(0,2,1)(1,0,0)[4] errors>",0.009622039802979926,47.28611263033497,-86.57222526066994,-85.7211614308827,-78.76725038634423,,
LargeBank,rrsfs3,"<LM w/ ARIMA(0,2,1)(1,0,0)[4] errors>",0.009610695795922952,47.83149421726492,-85.66298843452984,-84.35864060844288,-75.9067698416227,,
LargeBank,rrsfs4,"<LM w/ ARIMA(0,2,1)(1,0,0)[4] errors>",0.009389170092715076,48.865565457621116,-85.73113091524223,-83.86446424857557,-74.02366860375366,,
LargeBank,rrsfs5,"<LM w/ ARIMA(0,2,1)(1,0,0)[4] errors>",0.009558325707836234,48.96219259732676,-83.92438519465352,-81.37893064919898,-70.26567916458353,,
