BankType,.model,.model_spec,sigma2,log_lik,AIC,AICc,BIC,ar_roots,ma_roots
LargeCreditCardBank,portfolio1,"<LM w/ ARIMA(1,0,1)(2,0,0)[4] errors>",0.05057861687928277,5.043505605171532,3.9129887896569358,6.347771398352588,17.835877115606856,,
LargeCreditCardBank,portfolio2,"<LM w/ ARIMA(1,0,1)(2,0,0)[4] errors>",0.05269739967767176,3.740917518512205,6.51816496297559,8.952947571671242,20.44105328892551,,
LargeCreditCardBank,portfolio3,"<LM w/ ARIMA(1,0,1)(2,0,0)[4] errors>",0.05166960095355441,5.049059772164114,5.9018804556717726,9.101880455671772,21.81375282818597,,
