BankType,.model,.model_spec,sigma2,log_lik,AIC,AICc,BIC,ar_roots,ma_roots
LargeBank,debt1,"<LM w/ ARIMA(0,2,2)(1,0,0)[4] errors>",0.011394806862977093,43.36707003220546,-76.73414006441092,-75.42979223832397,-66.97792147150379,,
LargeBank,debt2,"<LM w/ ARIMA(0,1,0)(1,0,0)[4] errors>",0.011285414141130837,44.09136600674584,-82.18273201349167,-81.69293609512432,-76.27185627283531,,
LargeBank,debt3,"<LM w/ ARIMA(0,1,0)(1,0,0)[4] errors>",0.010898523400549955,45.40951081085061,-82.81902162170122,-81.9856882883679,-74.93785396749274,,
LargeBank,debt4,"<LM w/ ARIMA(0,1,0)(1,0,0)[4] errors>",0.011097192493011063,45.47738139019048,-80.95476278038096,-79.67816703570011,-71.10330321262035,,
LargeBank,debt5,"<LM w/ ARIMA(0,1,0)(1,0,0)[4] errors>",0.011239852670381618,45.643394404379755,-79.28678880875951,-77.46070185223778,-67.46503732744678,,
