.id,UBPRE524.diff.observed,new_data,forecast
1,0.20000000000000015,,
2,0.03999999999999981,,
3,0.30000000000000004,,
