IDRSSD,BankName,BankType,.model,.type,ME,RMSE,MAE,MPE,MAPE,MASE,RMSSE,ACF1
1394676,AMERICAN EXPRESS NATIONAL BANK (1394676),LargeCreditCardBank,debth2,Training,0.0038710513072213707,0.028337781787140307,0.021461625160955896,0.4749323122355262,3.103584877714658,0.31254793923722174,0.3356778065293957,0.1738748511356358
476810,"CITIBANK, N.A. (476810)",LargeBank,debth3,Training,0.0035361533734044517,0.03535968832349798,0.029912719097690024,0.2776673757669965,2.122031568917831,0.1456788267744644,0.14071267302670618,0.1659596361810958
1216022,SYNCHRONY BANK (1216022),LargeCreditCardBank,rrsfs1,Training,0.011528275588006953,0.04831859984613052,0.035859823515946646,0.4662868582566261,1.4944998967809007,0.4117874470730718,0.4199633142924515,0.050164793837620195
112837,"CAPITAL ONE, NATIONAL ASSOCIATION (112837)",LargeBank,arima,Training,0.004699380219543914,0.08245913166715506,0.0658409092515614,0.2654963578963025,3.6555959211593714,0.4763683356702118,0.40878855118824037,-0.3690185592301072
1216022,SYNCHRONY BANK (1216022),LargeCreditCardBank,rrsfs1,Training,-0.018267686650844193,0.16885169438696263,0.10155944599236914,-1.7168875627134395,5.513766917038642,0.5144110867920291,0.5024369045751444,0.06738222913602125
2980209,BARCLAYS BANK DELAWARE (2980209),LargeCreditCardBank,comb3,Training,-0.0048785776181592645,0.06526812035101713,0.04919432014574799,-0.47281965951746774,4.414226005833764,0.39395862129038434,0.38250739865238265,0.1727465481739367
