.id,UBPRE524.diff.observed,new_data,forecast
1,-0.09999999999999998,,
2,0.17000000000000004,,
3,-0.12,,
4,-0.06000000000000005,,
5,-0.03999999999999992,,
6,0.11,,
7,-0.06000000000000005,,
8,0.01,,
9,0.05000000000000004,,
10,0.13,,
11,-0.03000000000000002,,
12,0,,
13,-0.11,,
14,0.08999999999999997,,
15,-0.02000000000000001,,
16,0.03000000000000002,,
17,-0.05999999999999994,,
18,0.08999999999999997,,
19,-0.08999999999999997,,
