IDRSSD,BankName,BankType,.model,.type,ME,RMSE,MAE,MPE,MAPE,MASE,RMSSE,ACF1
1394676,AMERICAN EXPRESS NATIONAL BANK (1394676),LargeCreditCardBank,debth2,Training,0.00820685170238453,0.028849642671288787,0.02206833652959917,1.0847723872090198,3.2275978272399946,0.2658835726457731,0.293986437028837,0.030488845762408397
476810,"CITIBANK, N.A. (476810)",LargeBank,debth3,Training,1.5767431262443083e-4,0.05899952150792664,0.043435055833683726,0.31441712580980163,2.7235999018310832,0.16641783844323269,0.19869551722388384,0.2768686617979228
1216022,SYNCHRONY BANK (1216022),LargeCreditCardBank,rrsfs1,Training,0.00275409974628221,0.03149853153385485,0.021659752883809207,0.16000131354887995,0.9235125434587141,0.24496149094784242,0.26374392343253283,0.16291258353430638
112837,"CAPITAL ONE, NATIONAL ASSOCIATION (112837)",LargeBank,arima,Training,0.014855603398937635,0.08301706464705941,0.05959131067612562,0.9507869845982094,3.4409957649714533,0.38937504134968454,0.37806416829325484,-0.24354147050662261
1216022,SYNCHRONY BANK (1216022),LargeCreditCardBank,rrsfs1,Training,-0.023791168126999794,0.16970551051853777,0.07901669920840905,-1.7673419903989018,4.279906560734974,0.4515239954766233,0.5354525288535157,0.14982885979019184
2980209,BARCLAYS BANK DELAWARE (2980209),LargeCreditCardBank,comb3,Training,0.005807564666405868,0.06293145938115609,0.045121572064630314,0.4712089835025966,3.8886100748754924,0.46348442604151985,0.4829547956969669,-0.1346183426787849
