.model,IDRSSD,BankName,BankType,.type,ME,RMSE,MAE,MPE,MAPE,MASE,RMSSE,ACF1
ARIMA(UBPRE524.Value ~ CDSP.log.diff + CDSP.log.diff.lag1),2182786,GOLDMAN SACHS BANK USA (2182786),LargeBank,Test,0.2689514432885771,0.2689514432885771,0.2689514432885771,14.537915853436601,14.537915853436601,NA,NA,NA
ARIMA(UBPRE524.Value ~ CDSP.log.diff + CDSP.log.diff.lag1),2182786,GOLDMAN SACHS BANK USA (2182786),LargeBank,Test,-0.0571503745614812,0.0571503745614812,0.0571503745614812,-3.0238293418773123,3.0238293418773123,NA,NA,NA
ARIMA(UBPRE524.Value ~ CDSP.log.diff + CDSP.log.diff.lag1),2182786,GOLDMAN SACHS BANK USA (2182786),LargeBank,Test,-0.03609726880116826,0.03609726880116826,0.03609726880116826,-1.6482771142085966,1.6482771142085966,NA,NA,NA
