.model,IDRSSD,BankName,BankType,.type,ME,RMSE,MAE,MPE,MAPE,MASE,RMSSE,ACF1
ARIMA(UBPRE524.Value ~ CDSP.log.diff + CDSP.log.diff.lag1),2182786,GOLDMAN SACHS BANK USA (2182786),LargeBank,Test,0.23491067300028834,0.23491067300028834,0.23491067300028834,12.697874216231803,12.697874216231803,NA,NA,NA
ARIMA(UBPRE524.Value ~ CDSP.log.diff + CDSP.log.diff.lag1),2182786,GOLDMAN SACHS BANK USA (2182786),LargeBank,Test,-0.060058675690573216,0.060058675690573216,0.060058675690573216,-3.1777077084959373,3.1777077084959373,NA,NA,NA
ARIMA(UBPRE524.Value ~ CDSP.log.diff + CDSP.log.diff.lag1),2182786,GOLDMAN SACHS BANK USA (2182786),LargeBank,Test,-0.0321144672838356,0.0321144672838356,0.0321144672838356,-1.46641403122537,1.46641403122537,NA,NA,NA
